room_id;room_number;floor;room_type;base_price;max_occupancy
1;101;1;Double;1161;1
2;102;1;Suite;2926;2
3;103;1;Suite;1753;1
4;104;1;Deluxe;1995;2
5;105;1;Suite;2700;2
6;106;1;Suite;2133;4
7;107;1;Deluxe;1961;1
8;108;1;Deluxe;616;1
9;109;1;Deluxe;1019;2
10;110;1;Single;2441;1
11;111;2;Suite;797;3
12;112;2;Twin;2348;4
13;113;2;Twin;1060;2
14;114;2;Deluxe;1786;4
15;115;2;Suite;2214;3
16;116;2;Single;2641;3
17;117;2;Double;2519;4
18;118;2;Single;1017;2
19;119;2;Deluxe;2969;2
20;120;2;Suite;746;1
21;121;3;Deluxe;934;2
22;122;3;Suite;2612;4
23;123;3;Deluxe;2824;2
24;124;3;Twin;2305;2
25;125;3;Single;1515;3
26;126;3;Single;2838;1
27;127;3;Suite;684;2
28;128;3;Twin;1896;3
29;129;3;Twin;1648;4
30;130;3;Single;729;3
31;131;4;Twin;2708;2
32;132;4;Deluxe;2487;4
33;133;4;Double;2442;3
34;134;4;Double;993;4
35;135;4;Deluxe;799;2
36;136;4;Single;1850;4
37;137;4;Suite;1724;2
38;138;4;Deluxe;2932;2
39;139;4;Twin;2882;4
40;140;4;Suite;806;1
41;141;5;Single;1119;4
42;142;5;Single;1035;2
43;143;5;Double;752;2
44;144;5;Double;2411;3
45;145;5;Twin;705;3
46;146;5;Single;1895;3
47;147;5;Deluxe;1425;2
48;148;5;Twin;2170;4
49;149;5;Double;1686;1
50;150;5;Single;2788;4
51;151;6;Single;1124;4
52;152;6;Double;2126;2
53;153;6;Suite;1144;4
54;154;6;Deluxe;594;2
55;155;6;Twin;1090;2
56;156;6;Double;1864;3
57;157;6;Deluxe;1199;3
58;158;6;Suite;1942;2
59;159;6;Twin;1567;2
60;160;6;Deluxe;2226;4
61;161;7;Single;2671;3
62;162;7;Single;1369;1
63;163;7;Twin;620;2
64;164;7;Twin;2414;3
65;165;7;Double;2670;3
66;166;7;Single;2752;4
67;167;7;Suite;1915;4
68;168;7;Suite;1643;2
69;169;7;Deluxe;2128;2
70;170;7;Single;2464;1
71;171;8;Twin;2781;1
72;172;8;Deluxe;2145;2
73;173;8;Suite;1304;3
74;174;8;Double;2300;3
75;175;8;Twin;2166;2
76;176;8;Single;2576;1
77;177;8;Double;2274;3
78;178;8;Deluxe;2572;2
79;179;8;Twin;2823;1
80;180;8;Deluxe;2138;3
81;181;9;Deluxe;1191;1
82;182;9;Deluxe;869;4
83;183;9;Suite;2881;4
84;184;9;Deluxe;1474;4
85;185;9;Double;513;1
86;186;9;Deluxe;717;1
87;187;9;Suite;2728;2
88;188;9;Suite;2971;4
89;189;9;Double;1365;2
90;190;9;Twin;2763;4
91;191;10;Suite;1967;3
92;192;10;Single;1698;2
93;193;10;Twin;545;4
94;194;10;Double;2318;2
95;195;10;Double;2123;4
96;196;10;Twin;1206;2
97;197;10;Single;2382;2
98;198;10;Single;2967;3
99;199;10;Deluxe;689;2
100;200;10;Suite;532;2
